{
  "users": [
    {
      "id": 1,
      "name": "Mark Johnson",
      "email": "mark@some-email-provider.net",
      "password": "Password123!",
      "appointments": [
        {
          "id": 1,
          "provider": "Dr Kim West",
          "datetime": "2025-09-16T16:30:00.000-07:00",
          "repeat": "weekly"
        },
        {
          "id": 2,
          "provider": "Dr Lin James",
          "datetime": "2025-09-19T18:30:00.000-07:00",
          "repeat": "monthly"
        }
      ],
      "prescriptions": [
        {
          "id": 1,
          "medication": "Lexapro",
          "dosage": "5mg",
          "quantity": 2,
          "refill_on": "2025-10-05",
          "refill_schedule": "monthly"
        },
        {
          "id": 2,
          "medication": "Ozempic",
          "dosage": "1mg",
          "quantity": 1,
          "refill_on": "2025-10-10",
          "refill_schedule": "monthly"
        }
      ]
    },
    {
      "id": 2,
      "name": "Lisa Smith",
      "email": "lisa@some-email-provider.net",
      "password": "Password123!",
      "appointments": [
        {
          "id": 3,
          "provider": "Dr Sally Field",
          "datetime": "2025-09-22T18:15:00.000-07:00",
          "repeat": "monthly"
        },
        {
          "id": 4,
          "provider": "Dr Lin James",
          "datetime": "2025-09-25T20:00:00.000-07:00",
          "repeat": "weekly"
        }
      ],
      "prescriptions": [
        {
          "id": 3,
          "medication": "Metformin",
          "dosage": "500mg",
          "quantity": 2,
          "refill_on": "2025-10-15",
          "refill_schedule": "monthly"
        },
        {
          "id": 4,
          "medication": "Diovan",
          "dosage": "100mg",
          "quantity": 1,
          "refill_on": "2025-10-25",
          "refill_schedule": "monthly"
        }
      ]
    }
  ],
  "medications": ["Diovan", "Lexapro", "Metformin", "Ozempic", "Prozac", "Seroquel", "Tegretol"],
  "dosages": ["1mg", "2mg", "3mg", "5mg", "10mg", "25mg", "50mg", "100mg", "250mg", "500mg", "1000mg"]
}
